"titulo","sueldo","ciudadModalidad","horario","idioma","requisitos"
"Desarrollador Node.js Middle - Remoto","Sueldo oculto","Remoto: México, Argentina, Colombia","Empleado de tiempo completo","Inglés : Nivel Intermedio","Únete a este gran proyecto sumando con tu talento como Desarrollador Node.js  y sigamos “Haciendo Familia Juntos” Requisitos: - Formación académica en área de Sistemas y Tecnologías de la información, Ingeniero en computación, Licenciado en computación o afín. - Experiencia con las siguientes herramientas: Softaware: - NodeJS - Javascript - MogoDB (basico - CRUD) - Git/Github -Linux (Basico - implementación de aplicaciones) -React - Contar con equipo de computo propio. Actividades: - Realizar la codificación de las aplicaciones para cumplir con los criterios de aceptación definidos con los clientes. - Generar la documentación de las aplicaciones para la implementación a producción. - Soporte a las aplicaciones internas Ofrecemos: - Sueldo base  - Bono decembrino - Vacaciones superiores a la ley ¡POSTULATE!  "
"Desarrollador Fullstack Sr con NodeJs Remoto en HIRELINE","Sueldo oculto","Remoto: México","Empleado de tiempo completo","Inglés : Nivel Intermedio","Requerimientos: Stack actual (pero están abiertos a nuevas ideas que les ayuden a moverse más rápido): Back-end: Node.js , PostgreSQL, funciones AWS Lambda. Front-end: TypeScript o Angular 19, PrimeNG. Infraestructura: AWS o GCP. Habilidades técnicas: Tener de 4 años a +6 años de experiencia entregando sistemas productivos como ingeniero de software senior Comprender SPAs (idealmente en Angular o Typescript, componentes, servicios, etc.) y saber cómo depurarlos Conocer HTTP, APIs REST, respuestas, JSON perfectamente Tener experiencia con desarrollo back-end usando Node.js   Poder crear endpoints que lean datos de una base de datos SQL y devuelvan datos en formato JSON Soft Skills: Autogestión Capacidad de proponer soluciones Colaboración y comunicación efectiva Mentoreo (deseable) Deseables: Experiencia con agentes de IA Experiencia con herramientas contables o productos SaaS B2B Experiencia implementando colas tipo AWS SQS o comunicación en tiempo real con WebSockets Uso de Python Experiencia mentoreando a otros desarrolladores Inglés conversacional deseable no obligatorio Educación: Ing. en sistemas computacionales, Ing. de Software, afín Esquema de trabajo: Modalidad: Remoto Contractor: (Contrato de Servicios como Asimilados) Tiempo completo Tiempo indefinido Actividades: Trabajar de forma independiente para diseñar, construir y escalar nuevos sistemas. Escribir documentos de diseño que resuman soluciones diseñadas y un plan de acción para lograrlas. Entregar código robusto, escalable y bien probado. Crear servicios que se integren con plataformas financieras, de comunicación y de IA usando colas, WebSockets y solicitudes HTTP (REST + webhooks). Competencias: Auto-gestión Trabajo autónomo Mentoría a perfiles junior (deseable) Toma de decisiones sobre arquitectura Resolución de problemas ........"
"Full Stack Developer Junior - Híbrido en Muneris Consultoría","$ 25,000 a 30,000 MXN (Bruto)","Ciudad de México - Híbrido","Empleado de tiempo completo","Inglés : Nivel Básico","POSICIÓN: FULL STACK DEVELOPER JR/SR Stack Tecnológico Deseado: Frontend: React.js, Tailwind CSS, HTML5, JavaScript ES6+ Backend: Node.js, Express.js Base de Datos: MongoDB y/o PostgreSQL Control de Versiones: Git (GitHub/GitLab) Testing: Jest, React Testing Library (deseable) DevOps Básico: Familiaridad con CI/CD, Docker (deseable) Requisitos Indispensables: 1 año de experiencia (profesional o en proyectos académicos personales significativos). Conocimiento práctico del ciclo completo de desarrollo web. Capacidad para entender y modificar código ajeno. Comunicación clara y documentación básica. Portafolio en GitHub con al menos 1 proyecto funcional (CRUD completo). Requisitos Deseables: Familiaridad con metodologías ágiles. Contribuciones en equipo o proyectos colaborativos. Conocimiento de buenas prácticas de seguridad y performance. Experiencia integrando servicios de terceros (APIs REST, Firebase, Auth0, etc.). Soft Skills: Proactividad y disposición para aprender. Trabajo en equipo y comunicación colaborativa. Enfoque en resolución de problemas. Capacidad de autogestión y responsabilidad en entregables. Adaptabilidad a cambios técnicos y de requerimientos. "
".NET Fullstack Developer / Angular Senior - Híbrido en Thekna It","$ 50,000 a 60,000 MXN (Bruto)","Nuevo León - Híbrido","Empleado de tiempo completo","Inglés : Nivel Avanzado","Requisitos obligatorios: - Mínimo 5 años de experiencia total en .NET y 3 años con Angular. - 7 años de experiencia en .NET Core y C#. - 7 años de experiencia en Node.js. - 2 años de experiencia con Scrum. - 2 años de experiencia con servicios en la nube. Requisitos deseables: - 7 años de experiencia en SQL. - 2 años de experiencia con frameworks modernos de JavaScript/TypeScript. - 2 años de experiencia con Azure Microservices y Azure API Management Service. - 3 años de experiencia en el desarrollo de procesos CI/CD y garantizar la calidad del código utilizando herramientas como SonarQube. Otros requisitos: - Conocimientos en HTML, CSS y principios de diseño responsivo. - Buen entendimiento de APIs RESTful y cómo integrarlas con aplicaciones front-end. - Experiencia con sistemas de control de versiones como Git. - Familiaridad con tecnologías de bases de datos como SQL Server, MySQL o MongoDB. - Grado en IT, Ciencias de la Computación o disciplina relacionada."
".NET Fullstack Developer / Angular en Thekna It","$ 50,000 a 60,000 MXN (Bruto)","Jalisco - Híbrido","Empleado de tiempo completo","Inglés : Nivel Avanzado","Requisitos obligatorios: - Mínimo 5 años de experiencia total en .NET y 3 años con Angular. - 7 años de experiencia en .NET Core y C#. - 7 años de experiencia en Node.js. - 2 años de experiencia con Scrum. - 2 años de experiencia con servicios en la nube. Requisitos deseables: - 7 años de experiencia en SQL. - 2 años de experiencia con frameworks modernos de JavaScript/TypeScript. - 2 años de experiencia con Azure Microservices y Azure API Management Service. - 3 años de experiencia en el desarrollo de procesos CI/CD y garantizar la calidad del código utilizando herramientas como SonarQube. Otros requisitos: - Conocimientos en HTML, CSS y principios de diseño responsivo. - Buen entendimiento de APIs RESTful y cómo integrarlas con aplicaciones front-end. - Experiencia con sistemas de control de versiones como Git. - Familiaridad con tecnologías de bases de datos como SQL Server, MySQL o MongoDB. - Grado en IT, Ciencias de la Computación o disciplina relacionada."
".NET Fullstack Developer / Angular Senior - Híbrido en Thekna It","$ 40,000 a 45,000 MXN (Bruto)","Ciudad de México - Híbrido","Empleado de tiempo completo","Inglés : Nivel Avanzado"," Requisitos obligatorios: - Mínimo 5 años de experiencia total en .NET y 3 años con Angular. - 7 años de experiencia en .NET Core y C#. - 7 años de experiencia en Node.js. - 2 años de experiencia con Scrum. - 2 años de experiencia con servicios en la nube. Requisitos deseables: - 7 años de experiencia en SQL. - 2 años de experiencia con frameworks modernos de JavaScript/TypeScript. - 2 años de experiencia con Azure Microservices y Azure API Management Service. - 3 años de experiencia en el desarrollo de procesos CI/CD y garantizar la calidad del código utilizando herramientas como SonarQube. Otros requisitos: - Conocimientos en HTML, CSS y principios de diseño responsivo. - Buen entendimiento de APIs RESTful y cómo integrarlas con aplicaciones front-end. - Experiencia con sistemas de control de versiones como Git. - Familiaridad con tecnologías de bases de datos como SQL Server, MySQL o MongoDB. - Grado en IT, Ciencias de la Computación o disciplina relacionada. Beneficios ofrecidos: - Prestaciones de ley. - Prestaciones superiores. - Fondo de ahorro. - Cupones de comida. - Seguro de vida. - Seguro médico. Modalidad de trabajo: - Híbrida, con 3 días a la semana en la oficina. Es importante resaltar tu experiencia y habilidades en .NET, Angular, Node.js, Scrum, servicios en la nube, SQL, frameworks de JavaScript/TypeScript, Azure, CI/CD, diseño responsivo, APIs RESTful y control de versiones en tu perfil para destacar tu idoneidad para el puesto. "
"Desarrollador Backend Sr - Híbrido en Muhami","Sueldo oculto","Ciudad de México - Híbrido","Empleado de tiempo completo","Inglés : Nivel Intermedio","DESARROLLADOR BACKEND Perfil:  • Lic. o Ingeniería en sistemas computacionales, informática, afín, Titulado. • Inglés Intermedio  Conocimientos y Experiencia de 5 años (mínimo)  • Lenguajes de programación BackEnd: C#, Net, Netcore, Python (indispensable), Node JS.  • Manejo de patrones de diseño  • Conocimientos de Bases relacionales y no relacionales: Oracle, MySQL, Mongo DB, PostgreSQL. "
".NET Developer Senior - Remoto en Thekna It","$ 60,000 a 70,000 MXN (Bruto)","Remoto: LATAM","Empleado de tiempo completo","Inglés : Nivel Avanzado"," .NET Developer Buscamos un Desarrollador de Software .NET con 7 a 10 años de experiencia para unirse a nuestro dinámico equipo. El candidato ideal deberá tener experiencia en PostgreSQL, Amazon QuickSight, Node.js, Angular 13-16 y .NET Core.   desempeñará un papel crucial en el desarrollo y mantenimiento de soluciones de software que impulsen nuestro negocio hacia adelante. Responsabilidades: - Desarrollar y mantener soluciones de software de alta calidad utilizando PostgreSQL, Amazon QuickSight, Node.js, Angular 13-16 y .NET Core. - Colaborar con equipos multifuncionales para recopilar y analizar requisitos, asegurando la alineación con los objetivos comerciales. - Diseñar e implementar esquemas de base de datos y consultas escalables y eficientes utilizando PostgreSQL. - Crear paneles interactivos y visualmente atractivos y reportes utilizando Amazon QuickSight. - Desarrollar lógica y APIs del lado del servidor utilizando Node.js para respaldar funcionalidades front-end. - Construir y mantener interfaces de usuario con Angular 13-16 asegurando una experiencia de usuario fluida. - Implementar y mantener servicios backend utilizando .NET Core garantizando alto rendimiento y capacidad de respuesta. - Realizar revisiones de código y proporcionar retroalimentación constructiva para garantizar la calidad del código y las mejores prácticas. - Resolver problemas y defectos de software de manera oportuna. - Mantenerse actualizado con las últimas tendencias y tecnologías de la industria. - Participar en procesos de desarrollo ágil, incluyendo planificación de sprint, reuniones diarias y retrospectivas. - Brindar orientación técnica y mentoría a miembros junior del equipo. - Contribuir al éxito general del equipo al lograr hitos del proyecto y entregar soluciones de software de alta calidad. Calificaciones: - Experiencia sólida con PostgreSQL para diseño de bases de datos y optimización de consultas. - Experiencia en la creación de paneles y reportes utilizando Amazon QuickSight. - Dominio en desarrollo del lado del servidor con Node.js. - Experiencia en la construcción de interfaces de usuario con Angular 13-16. - Conocimientos sólidos en desarrollo backend utilizando .NET Core. Deseable: - Experiencia con metodologías de desarrollo ágil. - Habilidades sólidas de resolución de problemas y análisis. - Excelentes habilidades de comunicación y trabajo en equipo. - Actitud proactiva hacia el aprendizaje y la adaptación a nuevas tecnologías. Certificaciones requeridas: - Desarrollador certificado de AWS. - Desarrollador asociado certificado de Azure de Microsoft. Ofrecemos: Prestaciones de ley. Prestaciones superiores. Fondo de ahorro. Vales de despensa. Seguro de vida. Plan de salud  Remoto al 100%."
"Desarrollador Fullstack Python Middle - Híbrido en Muhami","$ 35,000 a 40,000 MXN (Neto)","Ciudad de México - Híbrido","Empleado de tiempo completo","Inglés : Nivel Intermedio","DESARROLLADOR FULLSTACK Perfil:  • Lic. o Ingeniería en sistemas computacionales, informática, afín, Titulado. • Inglés Intermedio  Conocimientos y Experiencia de 5 años (mínimo): • Lenguajes de programación FrontEnd: HT ML, CSS, Java Script Avanzado, React (indispensable)  • Lenguajes de programación BackEnd: C#, Net, Netcore, Python (indispensable), Node JS.  • Manejo de patrones de diseño  • Conocimientos de Bases relacionales y no relacionales: Oracle, MySQL, Mongo DB, PostgreSQL.  • Accesibilidad de los datos  • Conocimiento de Microservicios Docker • Conocimientos de despliegue e Integración continua (CI/CD)  • Manejo de software de control de versiones Git  • Principios SOLID  • Arquitecturas web  • Conocimientos de protocolos HTTP y REST  Actividades:  • Codificar especificaciones con base en la arquitectura requerida (aplicaciones y funciones)  • Diseño de estructuras para las aplicaciones definiendo especificaciones de programas  • Conocimientos de metodologías y procedimientos de trabajo  • Desarrollo basado en la nube  Especificaciones:  • Zona de trabajo: Tlalpan  • Modalidad híbrida  • Horario: L-V 9 a 18 hrs"
"Ruby Backend Developer Middle – Remoto en HIRELINE","Sueldo oculto","Remoto: LATAM","Empleado de tiempo completo","Inglés : Nivel Básico","Estamos buscando un Desarrollador a Tiempo Completo para unirse a nuestro equipo. Alguien con experiencia y un sólido conocimiento en frameworks MVC (Ruby on Rails principalmente). Lo que buscamos Disponibilidad a tiempo completo. Amplia experiencia con: Frameworks MVC (Ruby on Rails) (requerido). PHP, Ruby, NodeJS, Vue (preferido). Conocimiento profundo de LEMP (Linux, Nginx, MySQL, PHP). Familiaridad con sistemas de Inteligencia Artificial, incluyendo LLMs (Modelos de Lenguaje Extensos), y su integración en aplicaciones. Experiencia usando herramientas de automatización como n8n, make, zapier. Experiencia usando Docker / contenedores. Puntos extra Si has ganado becas, competencias o recibido reconocimientos profesionales/académicos. Experiencia en diseño, despliegue y mantenimiento de aplicaciones web. Dominio del inglés (lectura y escritura). Responsabilidades Diseño, desarrollo y pruebas de aplicaciones web. Instalación, despliegue y soporte de aplicaciones en servidores virtuales. Colaborar en reuniones de equipo para definir, priorizar y refinar funcionalidades. Estimar y reportar el tiempo de desarrollo y la complejidad de las tareas asignadas. Aprovechar la IA y los LLMs para optimizar flujos de trabajo y mejorar aplicaciones. Desarrollar experiencia en Linux, redes, seguridad, aplicaciones en tiempo real e infraestructura de telecomunicaciones en Norteamérica. Lo que ofrecemos Un rol dentro de un equipo dinámico, colaborativo y con visión de futuro. Oportunidades para trabajar con tecnologías de punta, incluyendo IA/LLMs. Desafíos complejos que te harán crecer profesional y técnicamente. La oportunidad de liderar el desarrollo de soluciones impactantes en un entorno ágil y acelerado. ..."
"Staff FullStack Software Engineer en ISITA","Sueldo oculto","Remoto: LATAM","Empleado de tiempo completo","Inglés : Nivel Avanzado","Summary ·          The position is for a Full Stack Engineer with experience with React.js, Rest API, and back-end development with Node. They must write in JavaScript frontend using React.js and REST, as well as be able to code back-end with Node.js. They must know CSS and HTML extensively in addition.   Requirements Technical Skills & Experience: ·          8+ years of experience in computer-related fields ·          Solid experience in JavaScript ·          6+ years of experience in React.js ·          3+ years of experience in Node.js ·          Solid experience in REST API Development. ·          Solid experience in modern Node and React concepts (Functional components, context, and hooks) ·          Coordinate microservices-based solutions, ensuring seamless integration and efficient communication across distributed services. ·          Collaborate on micro-frontend architecture and implementation. ·          Implement robust monitoring, logging, and instrumentation to ensure application performance and Stability ·          Experience with SQL (PostgreSQL experience is preferable but not required) ·          Data modeling is required. ·          Experience with Agile Methodologies ·          Knowledge of design patterns, experience with abstractions, and code isolation. ·          Experience with writing tests and debugging ·          The notion of security practices. ·          Error handling and troubleshooting experience is required.  ·          Experience in unit testing.  ·          Experience working with microservices-based solutions, ensuring seamless integration and efficient communication across distributed services. "
"Arquitecto Software JavaScript Senior - Híbrido en AsTecI","Sueldo oculto","Ciudad de México - Híbrido","Empleado de tiempo completo","Inglés : Nivel Avanzado","Consultoría especializada en TI con clientes a nivel nacional e internacional está en búsqueda de:  Arquitecto de Software con sólida experiencia en desarrollo de soluciones modernas y escalables. El perfil ideal debe dominar múltiples tecnologías frontend y backend. Requisitos:  +8 años de experiencia en desarrollo de software JavaScript TypeScript React JS Java Kotlin Node.js Python Desarrollo de aplicaciones nativas (Android/iOS) Manejo de herramientas como Bitbucket, JIRA, y Confluence Experiencia con Kafka Frameworks como NestJS y Next.js Ofrecemos:  Salario competitivo.  Prestaciones de Ley. Seguro de gastos médicos menores y mayores. Esquema hibrido. Apoyo económico por teletrabajo. INTERESADOS FAVOR DE POSTULARSE ATRAVES DE ESTE MEDIO PARA AGENDAR UNA ENTREVISTA DE TRABAJO."
"Senior Fullstack Engineer - Python LLM & Cloud Expert - Remoto en Proceti Consultores","$ 90,000 a 100,000 MXN (Neto)","Remoto: LATAM","Becario de tiempo completo","Inglés : Nivel Avanzado","Remote | LLMs & AI Deployment | ️ AWS Cloud Infrastructure | Full Stack Development About the Role We are looking for a Senior Full Stack Engineer with a strong background in software development and hands-on experience in deploying or fine-tuning open-source Large Language Models (LLMs) . This role is ideal for someone passionate about cutting-edge technologies, cloud infrastructure, and thriving in a fast-paced, startup environment. Key Responsibilities Design, build, and maintain scalable REST APIs using Node.js , Python , or similar technologies. Develop and manage cloud-based infrastructure leveraging AWS services such as EC2, Lambda, S3, ECS , and CloudFormation . Lead initiatives involving the training, fine-tuning, or deployment of open-source LLMs . Collaborate with cross-functional teams to deliver high-quality software solutions. Take ownership of projects from concept to deployment, applying strong project management or tech lead skills. Required Skills & Experience Strong backend and full stack development skills , with experience in Node.js, Python , or similar languages. Proficient in AWS cloud services , including EC2, Lambda, S3 , and related tools. Hands-on experience with Large Language Models (LLMs) and AI/NLP frameworks such as LangChain, HuggingFace , and vector databases . Ability to work independently in a dynamic, fast-paced environment (startup experience is a plus). Advanced English proficiency , both spoken and written. Do you think this could be a match? We'd love to hear about your experience. "
"Back End Developer Python Middle - Remoto en Quo Digital","$ 30,000 a 35,000 MXN (Neto)","Remoto: LATAM","Empleado de tiempo completo","Inglés : Nivel Básico","+ 3 años de experiencia  Inglés básico- Intermedio  Actividades: Desarrollo de un par de portales, integrarlos con APIS REST y SOAP Trabajar en colaboración con el equipo de desarrollo backend para asegurar la correcta implementación de datos y funcionalidad de los productos web. Revisión, detección y solución de problemas (backend) en desarrollos web. Planear, priorizar y manejar carga de trabajo con múltiples proyectos. Revisión y asimilación de estándares y lineamientos QA. Conocimientos indispensables: Python PostgreSQL AWS NodeJS   Queremos conocer tu talento, postula con tu Hoja de vida actualizada"
"Programador Full Stack Java en HIRELINE","Sueldo oculto","Ciudad de México","Empleado de tiempo completo","Inglés : Nivel Intermedio","Requisitos:  ● Ingeniería Sistemas - Informática - Sistemas Computacionales. (Titulado) ● Sistemas informáticos: arquitectura de software, protocolos de comunicación, sistemas operativos, base de datos, redes.  ● Fases del ciclo de vida del desarrollo de software: análisis, diseño, desarrollo y pruebas.  ● Definición de arquitecturas de referencia.  ● Sistemas operativos, lenguajes de programación y herramientas para el desarrollo de software requeridos para la especialidad del puesto: Java, Eclipse, Gradle, Maven, Hibernate, Spring, Spring Boot, Python, Postman, WebSpere, JavaScript, Visual Studio, Angular, React, Node.js, Google Cloud Platform, Android, IOS, Firebase  ● Arquitectura y Diseño de Sistemas (Microservicios).  ● Manejo de base de datos de la especialidad del puesto: DB2, Oracle, SQL Server, MySQL, Firebase, Spoanner, BigQuery.  ● Definición y ejecución de pruebas de artefactos de software: unitarias, de seguridad, de calidad de código, de integración  Funciones:  ● Participar en el análisis de los requerimientos de TI de complejidad media-alta que se le asignen y definir la arquitectura de solución correspondiente.  ● Coordinar las actividades de construcción y ejecutar en tiempo y forma las que le corresponden para concluir en la fecha planeada y con la calidad esperada. ● Garantizar la corrección de todos los defectos que sean reportados durante las pruebas ejecutadas por Aseguramiento de la Calidad.  ● Asegurar que los ambientes de desarrollo estén preparados para la construcción de las soluciones que atenderán los requerimientos de TI de complejidad media-alta que se le asignen.  ● Gestionar la instalación de la solución en producción, resolver incidentes en el período de garantía, generar y resguardar documentación de la fase de construcción para el cierre de los requerimientos de TI de complejidad media-alta.  ● Ejecutar pruebas para asegurar que los componentes de software desarrollados atiendan los requerimientos de TI de complejidad media-alta que le son asignados y cumplan con los lineamientos técnicos que les aplican.  Beneficios adicionales: ● Prestaciones de ley y superiores  ● Vales de despensa $968+3% sueldo  ● 13% Fondo de ahorro  ● 45 días de aguinaldo  ● 20 días de vacaciones cumpliendo un año  ●17 Prima Vacacional  ● Bono por desempeño  ● Bono de beneficios 9 días ● Seguro gastos médicos mayores  ● Servicio de comedor  ● Servicio de Transporte  ● Club deportivo (Con alberca semiolímpica, área de pesas, área de cardio y diferentes actividades deportivas para colaboradores y familiares directos del mismo) ● Caja de ahorro  .........................................."
"Desarrollador Fullstack Middle - Remoto en Quo Digital","$ 30,000 a 35,000 MXN (Neto)","Remoto: LATAM","Empleado de tiempo completo","Inglés : Nivel Básico"," Objetivo del Puesto: Buscamos un apasionado Desarrollador Fullstack para unirse a nuestro equipo dinámico y colaborar en la creación de experiencias de usuario excepcionales. El candidato ideal poseerá habilidades sólidas en el desarrollo web. Responsabilidades Construir y mantener aplicaciones interactivas , asegurando un rendimiento óptimo y una experiencia de usuario excepcional. Traducir mockups y prototipos en interfaces funcionales y atractivas, en colaboración con el equipo de diseño. Implementar soluciones front-end para web y móvil , garantizando una experiencia fluida y eficiente. Desarrollar y optimizar la conexión con servicios back-end utilizando Node.js, APIs REST y GraphQL. Asegurar la escalabilidad y rendimiento de las aplicaciones mediante buenas prácticas de desarrollo. Trabajar en conjunto con desarrolladores back-end, diseñadores y otros equipos para garantizar una implementación consistente. Requisitos 3 años de experiencia como Desarrollador Fullstack Conocimientos en: Django, VueJS, Angular, JavaScript, NodeJS, HTML5, CSS3, GraphQL,  Microservicios  Manejo de bases de datos   PostgreSQL . Familiaridad con APIs REST y servicios web. Experiencia con Git y metodologías ágiles. Pensamiento analítico, atención al detalle y habilidades de resolución de problemas. Capacidad de trabajo en equipo y comunicación efectiva. Conocimientos deseables: Manejo de Arquitecturas escalables Queremos conocerte, postula con tu hoja de vida actualizada."
"Desarrollador Full Stack - Java & Angular en HIRELINE","Sueldo oculto","Ciudad de México","Empleado de tiempo completo","Inglés : Nivel Intermedio","Requisitos ● Ingeniería Sistemas - Sistemas Computacionales - Ingeniería Comunicaciones o afín (Titulado) ● Conocimientos en Sistemas informáticos: arquitectura de software, protocolos de comunicación, sistemas operativos, base de datos, redes ● Fases del ciclo de vida del desarrollo de software: análisis, diseño, desarrollo y pruebas ● Conocimientos generales: Definición de arquitecturas de referencia ● 3 años de experiencia en procesos: Sistemas operativos, lenguajes de programación y herramientas para el desarrollo de software requeridos para la especialidad del puesto: Java, Eclipse, Maven, Gradle, Hibernate,Spring, Spring Boot, Postman, Google Cloud Platform, WebSpere, Oracle Cloud, JavaScript, Visual Studio, Angular, Node.js ● Deseable Squirrel, Python ● Manejo de base de datos de la especialidad del puesto: DB2, Oracle, SQL Server, MySQL, CloudSQL, PL-SQL, Spanner, BigQuery ● Definición y ejecución de pruebas de artefactos de software: unitarias, de seguridad, de calidad de código, de integración ● Construcción de soluciones de TI utilizando las tecnologías de la especialidad del puesto ● Participación en proyectos de desarrollo de software Funciones ● Participar en el análisis de los requerimientos de TI de complejidad media-alta que se le  asignen y definir la arquitectura de solución correspondiente ● Coordinar las actividades de construcción, y ejecutar en tiempo y forma las que le  corresponden, para que la fase de construcción se concluya en la fecha planeada y con la  calidad esperada ● Garantizar la corrección de todos los defectos que sean reportados durante las pruebas  ejecutadas por Aseguramiento de la Calidad ● Asegurar que los ambientes de desarrollo estén preparados para la construcción de las  soluciones que atenderán los requerimientos de TI de complejidad media-alta que se le  asignen ● Gestionar la instalación de la solución en producción, solucionar los incidentes que se  presenten durante el período de garantía y asegurar la generación y resguardo de la  documentación de la fase de construcción para la liberación y cierre de los requerimientos  de TI de complejidad media-alta en los que participa ● Ejecutar pruebas unitarias para asegurar que los componentes de software desarrollados  atiendan los requisitos incluidos en el alcance de los requerimientos de TI de complejidad  media-alta que le son asignados y cumplan con los lineamientos técnicos que les aplican Beneficios adicionales ● Prestaciones de ley y superiores ● vales de despensa ● fondo de ahorro ● caja de ahorro ● 45 días de aguinaldo ● 20 días de vacaciones cumpliendo un año ● Prima Vacacional ● Bono de beneficios ● Bono por permanencia ● servicio de comedor ● Servicio de Transporte ● Club deportivo ........................................."
"Ingeniero/a Full Stack Senior - Híbrido en Capital Empresarial Horizonte","$ 45,000 a 50,000 MXN (Bruto)","Ciudad de México - Híbrido","Empleado de tiempo completo","Inglés : Nivel Avanzado","Capital Empresarial Horizonte Empresa Mexicana especialista en Recursos Humanos y Tecnologías de la Información solicita: Ingeniero/a Full Stack Inglés  intermedio a conversacional  INDISPENSABLE Esquema Hibrido Requisitos: Lic. terminada en informática o área similar Experiencia en desarrollo frontend y backend. Conocimiento de HTML, CSS, JavaScript y frameworks modernos. Manejo de al menos un lenguaje de programación para backend. Experiencia con control de versiones (Git). Familiaridad con arquitecturas REST, GraphQL o microservicios. Responsabilidades : Diseñar, desarrollar y mantener aplicaciones web escalables. Implementar interfaces de usuario interactivas y responsivas utilizando tecnologías modernas (como React, Angular o Vue.js). Desarrollar y mantener APIs y servicios backend (usando Node.js, Python, Java, etc.). Gestionar bases de datos relacionales y no relacionales (como MySQL, PostgreSQL, MongoDB). Asegurar la calidad del código mediante pruebas (unitarias, de integración y end-to-end). Participar en revisiones de código, integración continua y despliegue continuo (CI/CD). Colaborar con equipos de diseño, producto y otros desarrolladores. Ofrecemos: Salario 100% nominal • Seguro de Gastos Médicos Mayores más Póliza de exceso ilimitado. • Seguro dental y visual. • Seguro de Vida. • Todas las prestaciones legales desde el primer año. • Prima vacacional del 50% • Aguinaldo a 24 días. • Vales de despensa por $3300,53 Interesados enviar su cv al correo: reclutamiento(arroba)horizonteempresarial.com.mx"
"Developer Coordinador Full-Stack Senior en Kc Talent","$ 35,000 a 40,000 MXN (Neto)","Jalisco","Empleado de tiempo completo","Inglés : Nivel Intermedio","Ingeniero de Sistemas Developer Coordinador Ingeniero de Sistemas con sólida experiencia en desarrollo web full-stack y coordinación de equipos técnicos. Con más de 3 años de experiencia liderando proyectos tecnológicos desde la concepción hasta la entrega, combinando habilidades técnicas profundas con una visión estratégica orientada a resultados. Capaz de trabajar en entornos ágiles (SCRUM), fomentar la colaboración entre equipos y asegurar entregas de calidad en tiempo y forma. Habilidades Técnicas: Frontend: Lenguajes: HTML5, JavaScript Frameworks: React.js, Angular, Vue.js Backend: Lenguajes: PHP, Python, Java Frameworks y herramientas: Node.js, Express.js, Django Bases de Datos: Relacionales: MySQL, PostgreSQL NoSQL: MongoDB, Firebase DevOps & Nube: Control de versiones con Git (GitHub, GitLab, Bitbucket) Conocimientos básicos en AWS (EC2, S3, RDS, IAM) Metodologías Ágiles: Experiencia práctica trabajando con SCRUM (uso de Jira, Trello, Clickup)   Habilidades de Coordinación: Planificación y seguimiento de proyectos técnicos Facilitación de reuniones diarias, retrospectivas y planificación de sprints Coordinación de equipos de desarrolladores frontend y backend Traducción de requerimientos técnicos a lenguaje de negocio Garantizar buenas prácticas de desarrollo, integración continua y control de calidad Competencias Personales: Liderazgo técnico y toma de decisiones Comunicación clara y efectiva Resolución de problemas y pensamiento analítico Proactividad y adaptabilidad a nuevas tecnologías Intereses Profesionales: Desarrollo de arquitecturas escalables y robustas Mejora continua de procesos de desarrollo ágil Implementación de soluciones cloud y serverless SUELDO Y PRESTACIONES: ·        Contrato fijo, presencial ·        Horario L-V 9-2 y 4-7 ·        Esquema mixto / Pago Quincenal ·        Aguinaldo 20 días ·        Prestaciones de Ley ·        Caja de ahorro ·        Servicio Médico Particular ·        Sueldo mensual: 35,000 a 40,000  Ubicación: Guadalajara Zona: Av. México y López Mateos "
"Tech Lead Mobile","Sueldo oculto","Ciudad de México","Empleado de tiempo completo","Inglés : Nivel Avanzado","Tech Lead Mobile Ubicación:  Presencialmente Experiencia:  +10 años en desarrollo de software / +5 años liderando equipos técnicos Idioma:  Inglés Avanzado (oral y escrito) Sobre el rol Estamos en la búsqueda de una persona apasionada por liderar equipos y crear soluciones empresariales web de alta complejidad, con enfoque en  escalabilidad, rendimiento, seguridad y mantenibilidad . Serás el nexo entre la visión estratégica y la ejecución técnica, liderando múltiples equipos en un entorno  ágil, global y multidisciplinario . Liderazgo técnico y humano Estrategia y arquitectura de software Cultura de mejora continua Colaboración transversal Lo que buscamos ️ +10 años de experiencia en desarrollo de software (JavaScript/TypeScript, Node.js, React, etc.) +5 años liderando equipos técnicos y gestionando proyectos complejos Conocimientos sólidos en arquitectura, CI/CD, metodologías ágiles y diseño de sistemas escalables Excelentes habilidades de liderazgo, comunicación y resolución de problemas Inglés avanzado (oral y escrito) Lo que ofrecemos Salario competitivo y prestaciones superiores a la ley Cultura de innovación, respeto y aprendizaje continuo Integración a un equipo global con visión estratégica ¡Si te apasiona la innovación y quieres trabajar en un entorno dinámico, ¡te estamos buscando!"
"Especialista de Seguridad en HIRELINE","Sueldo oculto","Ciudad de México - Híbrido","Empleado de tiempo completo","Inglés : Nivel Intermedio","Requisitos: ●  Ingeniería en Sistemas, Sistemas Computacionales, Ingeniería en Comunicaciones o afín (titulado). Sólidos conocimientos en: ● Sistemas informáticos: arquitectura de software, sistemas operativos, bases de datos, redes y tecnologías para el desarrollo de soluciones de TI (nube, cliente-servidor, mainframe y aplicaciones móviles). ● Fases del ciclo de vida del desarrollo de software: análisis, diseño, desarrollo, pruebas e implantación. ● Mejores prácticas para la administración de proyectos de TI (PMI, Scrum, Agile). ● Administración de proyectos para el desarrollo de software y uso de herramientas como Clarizen y Microsoft Project. ● Sistemas operativos, lenguajes de programación y herramientas para desarrollo de software: Java, Eclipse, Gradle, Maven, Hibernate, Spring, Spring Boot, Python, Postman, WebSphere, JavaScript, Visual Studio, Angular, React, Node.js, Google Cloud Platform, Android, iOS, Firebase. ● Bases de datos requeridas: DB2, Oracle, SQL Server, MySQL, Firebase, Spanner, BigQuery. Funciones: ●  Coordinar la definición a alto nivel del diseño de la solución, especificaciones técnicas y plan de trabajo considerando procesos de negocio, aplicaciones y tecnologías involucradas. ●  Supervisar la construcción y pruebas de la solución para garantizar que atienda el requerimiento de TI correspondiente. ●  Gestionar, durante todo su ciclo de vida, el proyecto/mantenimiento del cual sea responsable, asegurando calidad y cumplimiento en tiempos de entrega. ●  Gestionar la liberación de la solución al ambiente productivo y resolver incidentes durante la implantación y período de garantía. ●  Validar la documentación necesaria para las áreas de sistemas operativas y de soporte, asegurando que esté completa y resguardada en los repositorios oficiales. ●  Gestionar la participación de proveedores para asegurar el cumplimiento de obligaciones contractuales. Beneficios adicionales: ●  Prestaciones de ley y superiores. ●  Vales de despensa: $968 + 3% del sueldo. ●  Fondo de ahorro: 13%. ●  Aguinaldo: 45 días. ●  Vacaciones: 20 días al cumplir un año. ●  Prima vacacional: 17%. ●  Bono por desempeño. ●  Bono de beneficios: 9 días. ●  Seguro de gastos médicos mayores. ●  Servicio de comedor. ●   Servicio de transporte. ●  Club deportivo con alberca semiolímpica, área de pesas y cardio, y actividades deportivas para colaboradores y familiares. ●  Caja de ahorro. ......................."
"Líder de Desarrollo - Agile en HIRELINE","Sueldo oculto","Ciudad de México","Empleado de tiempo completo","Inglés : Nivel Intermedio","Requisitos:  ● Ingeniería Sistemas - Informática - Sistemas Computacionales (Titulado) ● Sistemas informáticos: arquitectura de software, sistemas operativos, base de datos, redes y tecnologías utilizadas para el desarrollo de soluciones de TI: nube, cliente-servidor, mainframe y aplicaciones móviles.  ● Fases del ciclo de vida del desarrollo de software: análisis, diseño, desarrollo, pruebas e implantación.  ● Mejores prácticas para la administración de proyectos de TI (p.e. PMI, Scrum, Agile). ● Administración de proyectos para el desarrollo de software y manejo de herramientas para la gestión de proyectos (p.e. Clarizen, Microsoft Project, etc.). ● Coordinación de equipos de trabajo multidisciplinarios.  ● Sistemas operativos, lenguajes de programación y herramientas para el desarrollo de software requeridos para la especialidad del puesto: JavaScript, Visual Studio, Angular, Node.js,Google Cloud Platform, React, Firebase .  ● Base de datos requeridas para la especialidad del puesto: DB2, SQL, Firebase.  Funciones:  ● Coordinar la definición a alto nivel del diseño de la solución, las especificaciones técnicas y el plan de trabajo, considerando los procesos de negocio, aplicaciones y tecnologías involucradas.  ● Supervisar la construcción y pruebas de la solución a fin de asegurar que ésta atienda el requerimiento de TI de del cual es responsable.  ● Gestionar, durante todo su ciclo de vida, el proyecto/mantenimiento del cual es responsable para garantizar que la solución desarrollada atienda el requerimiento de TI asociado, tenga la calidad esperada y sea liberada a producción en la fecha comprometida.  ● Gestionar la liberación de la solución al ambiente productivo y asegurar la solución de todos los incidentes que puedan presentarse durante la implantación y el período de garantía.  ● Validar que la documentación que requieren las áreas de Sistemas que operarán o darán soporte a la solución, esté completa y resguardada en los repositorios oficiales y gestionar el cierre formal del esfuerzo.  ● Gestionar la participación de proveedores para asegurar que estos cumplan con sus obligaciones contractuales.  Beneficios adicionales: ● Prestaciones de ley y superiores  ● Vales de despensa $968+3% sueldo  ● 13% Fondo de ahorro  ● 45 días de aguinaldo  ● 20 días de vacaciones cumpliendo un año  ●17 Prima Vacacional  ● Bono por desempeño  ● Bono de beneficios 9 días  ● Seguro gastos médicos mayores ● Servicio de comedor  ● Servicio de Transporte  ● Club deportivo (Con alberca semiolímpica, área de pesas, área de cardio y diferentes actividades deportivas para colaboradores y familiares directos del mismo) ● Caja de ahorro  .........................................."
"Arquitecto de Software AWS Senior - Remoto en CONTPAQi","Sueldo oculto","Remoto: LATAM","Empleado de tiempo completo","Inglés : Nivel Básico","CONTPAQi   Empresa Jalisciense con más de 40 años de experiencia a nivel nacional. Impulsamos el desarrollo empresarial con software de calidad. Valoramos colaboradores felices y comprometidos que encuentren su propósito con nosotros.   Arquitecto de Software   Diseñar e implementar soluciones escalables, distribuidas y seguras en la nube.   Responsabilidades:   Diseñar arquitecturas resilientes en la nube con AWS, contenedores y microservicios.   Desarrollar soluciones de referencia y participar activamente en el ciclo de desarrollo.   Definir estándares técnicos, patrones de diseño y mejores prácticas.   Garantizar la calidad del software mediante revisiones de diseño, validaciones de arquitectura y automatización de pruebas.   Requisitos:   Ing en Sistemas computacionales, Tecnologías de la información o afines.   4 años de experiencia en diseño y arquitectura de software.   Conocimientos:   Plataformas Nube: AWS, GCP, Azure.   Servicios: ECS, Lambda, S3, IAM.   APIs REST y GraphQL .   Contenedores, IaC , orquestación.   Bases de datos relacionales.   Node Js , Python, Golang , React .   Ofrecemos:   Espíritu colaborativo.   Retos y aprendizaje constante.   Compartir conocimiento.   Desarrollo y crecimiento.   Prestaciones superiores a las de ley.  "
"Lead Fullstack Engineer React Senior - Remoto en Proceti Consultores","Sueldo oculto","Remoto: México","Empleado de tiempo completo","Inglés : Nivel Avanzado","Join Proceti. Where digital transformation is our mission. With over +1,000,000 service hours and 17 years of proven experience, we stand apart from typical IT consultancies by setting the standard for excellence. We’re thrilled to offer opportunities to skilled professionals throughout Latin America. About the Role We're hiring a Head of Engineering with strong backend expertise to help define and scale our platform's architecture. You’ll work closely with the CEO, contribute hands-on to the codebase, and shape the technical direction in a fast-paced, high-impact environment. ️ What You’ll Do Collaborate with the CEO on product and technical strategy Lead backend architecture and complex code migrations Build SaaS features end-to-end (focus on backend) Mentor engineers and review code Drive agile ceremonies and manage sprint planning Support recruiting and team growth Flex into product responsibilities as needed Skills Required TypeScript, Node.js, React, PostgreSQL, AWS Familiarity with Redux, Prisma, Pulumi (nice to have) Experience integrating AI/LLMs into B2B workflows Experience building products from 0 to 1 Strong leadership and communication skills Proactive, entrepreneurial mindset English Advanced + If this opportunity resonates with you, we'd love to hear from you."
"Desarrollador Fullstack Python Senior - Remoto en Quo Digital","$ 35,000 a 40,000 MXN (Neto)","Remoto: LATAM","Empleado de tiempo completo","Inglés : Nivel Básico","Estamos en búsqueda de talento como  Desarrollador Full Stack para unirse a nuestro equipo dinámico y en crecimiento. El candidato ideal debe tener una sólida comprensión de las tecnologías de Backend y Frontend y tener experiencia en todas las etapas del ciclo de vida del desarrollo de software.  Requerimos: 4 años de experiencia en proyectos backend: Python o Java  Conocimientos en: Base de datos: SQL y NoSQL  Conocimientos en Docker y Orquestación de contenedores Experiencia en Diseño y desarrollo de API´s  Conocimientos en API´s, RestFul  Actividades:  Desarrollo en proyectos Backend con Python o Java  Experiencia en integración utilizando API´s y RestFul Familiaridad con Docker, y orquestación de contenedores  Diseñar y desarrollar API´s robustas para integración de sistemas  Mantener y optimizar las integraciones existentes  Desarrollo de pruebas y garantizar la calidad de las soluciones  Colaborar con el equipo para planificar y resolver problemas técnicos  Deseable: Conocimientos en: JavaScript, NodeJs, AWS ó GCP "
"Desarrollador Full Stack Jr - Remoto en Quality & Knowledge On It Services","$ 20,000 a 25,000 MXN (Neto)","Remoto: México","Empleado de tiempo completo","Inglés : Nivel Intermedio","¡ÚNETE A NUESTRO EQUIPO COMO DESARROLLADOR FULL STACK JR.! Somos una empresa líder en soluciones de negocio, procesos y tecnología en México, con más de 25 años de experiencia en el mercado. Nos caracteriza el compromiso con la excelencia, la innovación y el trabajo colaborativo. Actualmente buscamos un Desarrollador Full Stack Jr. con experiencia en el diseño, desarrollo e implementación de aplicaciones web completas, que sea capaz de trabajar de forma autónoma, con pensamiento analítico y enfoque en resultados. Requisitos: Licenciatura en Ingeniería en Sistemas, Computación, Informática o afín (titulado o pasante). Mínimo 2 años de experiencia como Desarrollador Full Stack. Dominio de Java (versiones 8, 11, 17 y 21). Experiencia en desarrollo de APIs REST bajo arquitectura hexagonal. Conocimiento de bases de datos Oracle y MySQL. Uso de control de versiones con Git (preferentemente GitLab). Documentación técnica y diagramado con UML. Experiencia con despliegue en contenedores y sistemas operativos Linux. Conocimientos técnicos requeridos: Frontend: Angular, TypeScript, Bootstrap, HTML5, CSS3, JavaScript, JQuery, AJAX, JSON. Backend: NodeJS, Spring Boot, JPA. Servicios web: REST y SOAP. Pruebas: SOAP UI, Postman, JUnit, Mockito. Metodologías: Scrum y Waterfall (uso de Jira). Control de calidad: SonarQube. Gestión de paquetes: Maven y Gradle. Responsabilidades: Diseñar y desarrollar aplicaciones web de extremo a extremo (Frontend + Backend). Modelar y estructurar bases de datos eficientes. Diseñar interfaces atractivas y funcionales. Garantizar el correcto funcionamiento, mantenimiento e integridad del código. Optimizar el desempeño de las aplicaciones desarrolladas. Ofrecemos: Vacante 100% remota. Sueldo competitivo acorde a tu experiencia. Prestaciones de ley y superiores. Oportunidad de desarrollo profesional y crecimiento. Excelente ambiente de trabajo enfocado en la colaboración, la innovación y la mejora continua. Si cumples con el perfil y estás interesado(a) en formar parte de nuestro equipo, ¡postúlate por este medio y nos pondremos en contacto contigo!"
"Desarrollador Full Stack Sr - Remoto","Sueldo oculto","Remoto: LATAM","Empleado de tiempo completo","Inglés : Nivel Intermedio","¡ÚNETE A NUESTRO EQUIPO COMO DESARROLLADOR FULL STACK SR.! Somos una empresa líder en soluciones de negocio, procesos y tecnología en México, con más de 25 años de experiencia en el mercado. Nos caracteriza el compromiso con la excelencia, la innovación y el trabajo colaborativo. Actualmente buscamos un Desarrollador Full Stack Sr. con experiencia en el diseño, desarrollo e implementación de aplicaciones web completas, que sea capaz de trabajar de forma autónoma, con pensamiento analítico y enfoque en resultados. Requisitos: Licenciatura en Ingeniería en Sistemas, Computación, Informática o afín (titulado o pasante). Mínimo 3 años de experiencia como Desarrollador Full Stack. Dominio de Java (versiones 8, 11, 17 y 21). Experiencia en desarrollo de APIs REST bajo arquitectura hexagonal. Conocimiento de bases de datos Oracle y MySQL. Uso de control de versiones con Git (preferentemente GitLab). Documentación técnica y diagramado con UML. Experiencia con despliegue en contenedores y sistemas operativos Linux. Conocimientos técnicos requeridos: Frontend: Angular, TypeScript, Bootstrap, HTML5, CSS3, JavaScript, JQuery, AJAX, JSON. Backend: NodeJS, Spring Boot, JPA. Servicios web: REST y SOAP. Pruebas: SOAP UI, Postman, JUnit, Mockito. Metodologías: Scrum y Waterfall (uso de Jira). Control de calidad: SonarQube. Gestión de paquetes: Maven y Gradle. Responsabilidades: Diseñar y desarrollar aplicaciones web de extremo a extremo (Frontend + Backend). Modelar y estructurar bases de datos eficientes. Diseñar interfaces atractivas y funcionales. Garantizar el correcto funcionamiento, mantenimiento e integridad del código. Optimizar el desempeño de las aplicaciones desarrolladas. Ofrecemos: Vacante 100% remota. Sueldo competitivo acorde a tu experiencia. Prestaciones de ley y superiores. Oportunidad de desarrollo profesional y crecimiento. Excelente ambiente de trabajo enfocado en la colaboración, la innovación y la mejora continua. ¿Estás listo para el siguiente reto en tu carrera? ¡Postúlate por este medio y forma parte de nuestro equipo!"
"Desarrollador Backend - Remoto en Super Kiosko","Sueldo oculto","Remoto: México","Empleado de tiempo completo","Inglés : Nivel Básico","En Kiosko , estamos en búsqueda de un Desarrollador (Backend) apasionado por la innovación y la tecnología. Únete a nuestro equipo y transforma la industria del retail con nosotros. Nuestra Transformación Digital Estamos inmersos en una transformación digital única, desarrollando proyectos innovadores como Wallet y Loyalty , e incorporando tecnologías emergentes como inteligencia artificial, automatización y ciberseguridad en nuestras operaciones. Sobre el Rol El Desarrollador Backend es responsable de que el sistema funcione detrás de escena. Su rol es integrar la aplicación con todos los sistemas y servicios requeridos y proporcionar APIs limpias y fáciles de usar para la parte frontal del sistema. Es responsable de la funcionalidad, el rendimiento y la escalabilidad de la aplicación. Responsabilidades Principales: Diseñar y desarrollar la lógica de negocios y los sistemas backend del producto. Colaborar con los TLs para construir APIs funcionales, robustas y de alto rendimiento. Escribir pruebas unitarias e integraciones, y desarrollar herramientas de automatización. Generar documentación técnica de calidad sobre desarrollos y bases de datos. Aplicar principios de DevSecOps e integrar prácticas de seguridad en el ciclo de desarrollo. Desarrollar y mantener pipelines de CI/CD. Trabajar en conjunto con equipos de seguridad e infraestructura para cumplir con estándares. Requisitos: Título universitario en Ciencias de la Computación, Ingeniería o afines. 4+ años de experiencia como desarrollador backend. Must-have: Experiencia sólida en Node.js y Python . Nice-to-have (no excluyente): Experiencia en C# . Conocimiento en herramientas como Azure DevOps , Git . Experiencia en bases de datos SQL (SQL Server o Postgres). Buen entendimiento de arquitectura de microservicios y diseño de APIs. Conocimientos en DevSecOps y desarrollo seguro. Experiencia en desarrollo y mantenimiento de pipelines CI/CD . Excelentes habilidades de comunicación y trabajo en equipo. Ofrecemos: Sueldo competitivo Bono por desempeño Prestaciones superiores a las de ley 26 días de Aguinaldo Seguro de Gastos Médicos Mayores Caja de ahorro Seguro de Vida Plan de carrera Vales de despensa ¿Te interesa? Si quieres unirte a un equipo innovador y construir soluciones digitales que impactan la industria del retail, ¡aplica ahora!"
"Desarrollador Backend Senior / Arquitecto Cloud (GCP) en Vertice Estrategia Y Talento","$ 50,000 a 60,000 MXN (Bruto)","Ciudad de México","Empleado de tiempo completo","Inglés : Nivel Intermedio","Empresa desarrolladora de software y soluciones en la nube está en búsqueda de un perfil técnico senior, con sólida experiencia en backend y capacidad para diseñar arquitecturas escalables sobre Google Cloud Platform (GCP). Buscamos un Desarrollador Senior / Arquitecto Cloud con experiencia en backend y capacidad para diseñar arquiecturas escalables en Google Cloud Platform (GCP). Este rol es ideal para alguien que no solo programe, sino que también piense en el rendimiento, escalabilidad, seguridad y buenas prácticas desde el inicio Este rol requiere experiencia sólida en desarrollo backend y capacidad para diseñar soluciones robustas, usando servicios como App Engine, Cloud SQL, Kubernetes, Firebase, Pub/Sub , entre otros. Responsabilidades clave   ·        Como  Desarrollador Senior / Arquitecto Cloud , trabajarás de forma directa con el cliente (tipo  implant ) ·        Diseñar e implementar arquitecturas técnicas sobre GCP: uso de servicios como App Engine, Cloud SQL, Firebase, Kubernetes, Pub/Sub, etc. ·        Diseñar, desarrollar y mantener servicios backend robustos, seguros y escalables. ·        Crear y consumir APIs REST (y SOAP en menor medida). ·        Participar en decisiones técnicas clave del proyecto (serás punto de referencia técnica). ·        Liderar buenas prácticas de programación y revisión de código. ·        Integrar soluciones de CI/CD, contenedores (Docker), orquestadores (K8s) y versionado de código. ·        Documentar soluciones técnicas y coordinarte con equipos de QA, frontend y gestión de producto. Tecnologías que debes conocer (y dominar en su mayoría): Lenguajes / Frameworks Java (versión 6/8 deseable) Node.js, TypeScript, Python Spring Boot, Hibernate, Maven/Gradle RESTful APIs, SOAP APIs (SOAP UI) Cloud y arquitectura GCP: App Engine, Cloud SQL, Firebase, IAM, Pub/Sub, Cloud Functions, Cloud Storage Experiencia previa con arquitectura cloud o migraciones a GCP Docker, Kubernetes CI/CD con Jenkins, GitLab CI, etc. Requisitos mínimos Carrera en Sistemas, TI o afín (trunca o terminada). 4+ años de experiencia en desarrollo backend. 2+ años diseñando o implementando soluciones sobre GCP. Dominio de al menos un lenguaje backend orientado a objetos. Lectura técnica fluida en inglés. Experiencia trabajando con metodologías ágiles (Scrum o Kanban). Lo que ofrecemos Proyecto estable y de largo plazo con enfoque en desarrollo y arquitectura. Ambiente colaborativo con equipos técnicos de alto nivel. Oportunidades reales de crecimiento y desarrollo profesional. Lunes a Viernes, zona sur de la CDMX Nota: La posición está siendo gestionada por nuestra consultora especializada en talento tech."
"Fullstack en Ia Interactive","Sueldo oculto","Remoto: LATAM","Empleado de tiempo completo","Inglés : Nivel Intermedio","Experiencia minima 3 años en desarrollo de software fullstack, arquitectura de soluciones tecnológicas. Actividades: Diseño técnico fullstack: traducir requerimientos funcionales y de negocioen soluciones técnicas claras, sostenibles y alineadas a buenas prácticas de ingeniería frontend y backend. Desarrollo fullstack orientado a soluciones: aportar experiencia práctica en diseño de interfaces, lógica backend, integración de servicios y diseño de APIs, aplicando criterios técnicos al momento de definir propuestas viables y realistas. Estimación de esfuerzo: trabajar con Tech Leads y Solutions Architects para estimar tiempos, esfuerzo y riesgos técnicos en la ejecución de nuevas iniciativas. Modelado de arquitectura: proponer arquitecturas base (microservicios, serverless, etc.) en función de la necesidad del sistema, escalabilidad y mantenimiento futuro en conjunto con Solutions Architecture.  Colaborar con el equipo Comercial y de Producto: diseñar propuestas que respondan al tamaño, madurez digital y presupuesto del cliente, incluyendo alcance, esfuerzo estimado, arquitectura base y cronograma de ejecución tentativo, adecuando su comunicación a distintos perfiles técnicos y no técnicos, incluyendo clientes cuando sea necesario. Integración temprana con Ingeniería: asegurar la participación de ingeniería desde etapas iniciales del ciclo de planeación y diseño técnico de soluciones. Toma de decisiones técnicas: liderar y validar decisiones técnicas junto con arquitectos y tech leads, promoviendo la coherencia técnica entre iniciativas. Reutilización de componentes: promover el uso de librerías, frameworks y soluciones preexistentes dentro del ecosistema técnico. Documentación técnica: redactar especificaciones, diagramas técnicos y alcances de ingeniería claros para facilitar su implementación. Estandarización técnica: contribuir a la evolución del portafolio de soluciones internas, guías de diseño y arquitectura referencial. Mejora continua: analizar los aprendizajes de implementaciones pasadas y retroalimentar a los equipos técnicos sobre patrones efectivos. Mantenerse actualizado en tendencias tecnológicas y necesidades recurrentes del mercado, identificando oportunidades para evolución del portafolio. Conocimientos necesarios: Desarrollo fullstack Conocimiento técnico en frameworks y herramientas comúnmente utilizadas en entornos fullstack (por ejemplo: React, Angular, Node.js, Express, Django, etc.), sin limitarse a un solo stack. Uso de frameworks modernos Familiaridad con múltiples entornos cloud: AWS, GCP o Azure. Familiaridad con metodologías ágiles (Scrum, Kanban) y orientación a entrega continua de valor. Conocimientos deseados: Estimación de propuestas técnicas de solución.  CI/CD, contenedores Inglés intermedio-avanzado Arquitectura tecnológica de soluciones Arquitecturas distribuidas, microservicios, microfrontends Diseño de interfaces"
"Full-Stack Senior Engineer en HIRELINE","Sueldo oculto","Remoto: LATAM","Empleado de tiempo completo","Inglés : No se ha especificado","Título: Fullstack Developer Company Overview A market-leading healthcare workforce optimization software provider dedicated to streamlining and optimizing healthcare organizations' workforce management processes. Our cutting-edge technology empowers healthcare providers to enhance patient care, optimize staff resources, and improve operational efficiency.   Shape the future of our web platform! We are seeking a highly experienced Full-Stack Senior Engineer to lead the design, development, and optimization of our cutting-edge healthcare workforce management platform. You'll leverage your in-depth knowledge of both front-end and back-end development to build a user-centric, scalable, and performant web application. While we primarily use Elixir (with Phoenix and Ecto), we prioritize general problem-solving skills and a strong commitment to learning new technologies.   Responsibilities: ● Architect and implement scalable and secure back-end systems that power the web application. ● Design and develop user interfaces that are intuitive, user-friendly, and responsive across all devices. ● Collaborate with designers to translate user stories and wireframes into functional web components. ● Lead the optimization of web application performance and user experience, ensuring   fast load times and a smooth user journey. ● Write clean, maintainable, and well-documented code for both front-end and back-end components. ● Stay up-to-date on the latest web development trends and technologies. ● Mentor and guide junior developers on the team. (in the future)   Requirements: ● Advanced English skills ● 10+ years of experience in full-stack web development with a strong emphasis on front-end development. ● Proficiency in modern programming languages including: ○ Front-End: HTML, CSS, JavaScript (ES6+), Experience with a popular front-end framework (e.g., React, Angular). LiveView (Elixir/Phoenix) is a bonus. ○ Back-End: ■ Preferred: Python, Java, Ruby on Rails, Go, Node.js (with Express.js) ■ Ideal experience: Elixir (with Phoenix) ● Experience with building responsive web applications. ● Strong understanding of web development best practices, including accessibility and performance optimization ● Excellent problem-solving and analytical skills. ● Strong communication and collaboration skills.   Preferred Qualifications: ● Bachelor's degree in Computer Science, Engineering, or related field. ● Experience building modern SaaS applications, including user management, authentication, and authorization functionalities. ● Experience with integrating front-end applications with back-end services ● Experience with cloud platforms (e.g., AWS, Azure, Google Cloud) for deploying and scaling SaaS applications. ● Experience with accessibility best practices (WCAG). ● Experience working in a fast-paced, start-up environment.   Don't miss the opportunity to be part of our team! Apply now and join us on this exciting adventure!  ..."
"Desarrollador Fullstack MS.NET en ISITA","Sueldo oculto","Remoto: LATAM","Empleado de tiempo completo","Inglés : Nivel Básico","Resumen: Profesional con experiencia en el desarrollo de soluciones basadas en la plataforma Microsoft .NET, incluyendo aplicaciones web, de escritorio, servicios SOAP/REST y modelado de bases de datos. Capacidad para desarrollar código escalable, mantenible y de calidad, participando activamente en todo el ciclo de vida del desarrollo de software. Responsabilidades Desarrollar aplicaciones escalables y robustas en plataforma .NET. Participar en la estimación de tareas y tiempos de entrega para requisitos funcionales. Analizar requerimientos técnicos y funcionales asignados. Realizar pruebas unitarias del código desarrollado. Realizar despliegues en ambientes de desarrollo, pruebas y producción. Comunicar el estado de avance de las actividades asignadas y tiempos invertidos. Resolver problemas técnicos y proponer soluciones efectivas. Experiencia 3+ años en desarrollo de aplicaciones web en plataforma Microsoft .NET. 2+ años trabajando con lenguaje C# (programación orientada a objetos, estructuras de control, etc.). 1+ año en desarrollo con .NET Core / ASP.NET Core . 1+ año utilizando Angular en el desarrollo frontend. 1+ año en desarrollo de aplicaciones de escritorio (.NET WinForms o WPF). 1+ año en desarrollo de servicios SOAP. 1+ año en desarrollo de APIs RESTful. 3+ años en desarrollo de SQL (Stored Procedures, triggers, funciones). 1+ año en diseño y modelado de bases de datos. 1+ año utilizando control de versiones (Git/Git Flow). 1+ año consumiendo APIs externas (REST y/o SOAP). Habilidades Técnicas Fundamentos sólidos de Programación Orientada a Objetos (POO). Desarrollo de aplicaciones web responsivas. Construcción de Web APIs (REST). Pruebas unitarias (buenas prácticas y herramientas). Instalación de aplicaciones en ambientes Windows (IIS). Documentación técnica clara y estructurada. Uso de herramientas como Postman y SoapUI. Diseño y consumo de servicios basados en JSON y XML. Tecnologías Requeridas C#, ASP.NET, ASP.NET MVC, .NET Core / ASP.NET Core Angular (mínimo 1 año) MS SQL Server (T-SQL) HTML5, CSS3, JavaScript (mínimo 2 años) Git / Git Flow Consumo y publicación de APIs REST y SOAP Postman / SoapUI Tecnologías Deseables / Opcionales Azure DevOps y despliegue en la nube (Azure Functions) Microservicios MVVM / MVP Otros frameworks: ReactJS, Node.js Xamarin (desarrollo móvil) DevExpress, Telerik, Sencha Conocimientos Funcionales y Metodológicos Trabajo en entornos ágiles (Scrum, Kanban). Participación en todo el ciclo de vida del software. Generación de documentación técnica: Casos de uso Historias de usuario Manuales técnicos Modelado de bases de datos y software (UML) Competencias y Soft Skills Buena comunicación verbal y escrita (email, videollamadas, etc.). Capacidad analítica y enfoque a la solución de problemas. Trabajo colaborativo. Proactividad y responsabilidad en la gestión de tareas. Nivel de ingles: Basico"
"Java - React - Fullstack Engineers Senior - Remoto en Adecco","$ 50,000 a 60,000 MXN (Bruto)","Remoto: LATAM","Empleado de tiempo completo","Inglés : Nivel Avanzado","Roles: Java, Java – React, Java Back End, Java Front End Engineer´s   Apply by Whats App: 729 5530 777   Requirements and Offer Job   Education: Bachelor’s Degree in Information Technologies or related engineering. Languages: High level of proficiency in English (speaking, reading, writing)"" Level: B2, C1, C2, Fluent Modality: Home Office 100 % Location: Mexico Workday: Monday - Friday Gross Salary: $60,000 MXN /Month Hiring: 100 % Payroll Benefits: Social Insurance (IMSS), 12 Vacation Days per Year, 15 Days of Christmas Bonus, 25 % Vacation Bonus, Life Insurance. Plus Benefits: Online Technical Trainings and Access to Academies and Certifications. Job Stability and Professional Development   Role: Java Engineer Level 4   Design, develop, and maintain advanced software systems while adhering to high standards for code quality, testing, and automation. Collaborate with cross-functional teams to deliver scalable solutions, mentor junior developers, and support DevOps practices, including CI/CD pipelines and cloud infrastructure. + 7 years of hands-on experience in software development, with expertise in system design, architecture, and building enterprise-level applications. Software Development Languages: Proficiency: Java (required) Frameworks: Spring Boot RESTful architecture and microservices Messaging technologies (e.g., Kafka, SQS Cloud platforms (AWS preferred) Kubernetes, Lambda (preferred) CI/CD pipelines (e.g., GitLab CI/CD, Terraform) Test automation (Unit, Integration, Regression, Load) Familiarity with relational databases Logging and monitoring tools (e.g., New Relic, Splunk)   Role: Java - React Level 4   Engineer with strong UI experience with full stack experience. Expectation is the candidates are strong on React based web UI development.   They are also open and willing to do backend development as per project needs. Engineer with full stack development experience and stronger backend development experience. Again, they should be able to do UI development as needed but focus would be more on backend development. Design, Development, Testing, Documentation, Data analysis, On-call support during working hours. Design, develop, and maintain advanced software systems while adhering to high standards for code quality, testing, and automation. Collaborate with cross-functional teams to deliver scalable solutions, mentor junior developers, and support DevOps practices, including CI/CD pipelines and cloud infrastructure. Software Engineer with + 5 years of hands-on experience in software development, with expertise in system design, architecture, and building enterprise-level applications. Proficiency: Java (required) Frameworks: Spring Boot RESTful architecture and microservices Messaging technologies (e.g., Kafka, SQS) Cloud platforms (AWS preferred) Kubernetes, Lambda (preferred) CI/CD pipelines (e.g., GitLab CI/CD, Terraform) Test automation (Unit, Integration, Regression, Load) Familiarity with relational databases Logging and monitoring tools (e.g., New Relic, Splunk)   Role: Java Back-End   Have experience on the entire tech stack - frontend, backend, data engineering, devops, support. Be an expert in backend development, proficient in k8s, Kafka, AWS ecosystems, comfortable designing and implementing Rest / GraphQL services on Java / Springboot. Have exposure to system design, be able to think comprehensively about integrations with other components and / or systems Master CS fundamentals - time / space complexity analysis in context of data structures and algorithms. Leads and works with other software engineers on design best practices and conducts code reviews. Drive end user experience goals and initiatives for on-going end user productivity improvements Facilitates cross functional troubleshooting, root cause analysis and engages others when needed. Responsible for creating, evaluating, and contributing to feature detailed designs. Design, develop, and implement software utilizing an agile project cycle.   Mentor others on the team and raise the bar for technical knowledge across a wide spectrum. Demonstrates thorough knowledge of information technology concepts issues, trends and best practices as they relate to Cloud technologies and system integrations. Apply and share knowledge of security coding practices and secure system fundamentals. Experience with cloud-based services such as AWS. Familiarity with Continuous Integration and Continuous Delivery methodologies and tooling. A deep proficiency of an OOP language.   Role: Java Front - End   Design, code, devops, incident engagement during office hours Have experience on the entire tech stack - frontend, backend, data engineering, devops, support. Be an expert in frontend development, proficient in ReactJS ecosystem, comfortable designing and implementing Rest / GraphQL services on NodeJS / Typescript. Have exposure to system design, be able to think comprehensively about integrations with other components and / or systems Master CS fundamentals – time / space complexity analysis in context of data structures and algorithms. Leads and works with other software engineers on design best practices and conducts code reviews. Facilitates cross functional troubleshooting, root cause analysis and engages others when needed. Responsible for creating, evaluating, and contributing to feature detailed designs. Design, develop, and implement software utilizing an agile project cycle. Mentor others on the team and raise the bar for technical knowledge across a wide spectrum. Demonstrates thorough knowledge of information technology concepts issues, trends and best practices as they relate to Cloud technologies and system integrations. Apply and share knowledge of security coding practices and secure system fundamentals. Experience with cloud-based services such as AWS. Familiarity with Continuous Integration and Continuous Delivery methodologies and tooling. A deep proficiency of an OOP language."
"Technical Writer en Volkswagen Servicios, S.a. De C.v.","$ 45,000 a 50,000 MXN (Bruto)","Puebla - Híbrido","Empleado de tiempo completo","Inglés : Nivel Intermedio","¡Somos un GPTW(R) y una ESR(R)! Volkswagen Financial Services en México es una subsidiaria propiedad de Volkswagen Financial Services AG que incluye a las entidades Volkswagen Leasing, S.A. de C.V., Volkswagen Bank, Institución de Banca Múltiple S.A. y Volkswagen Servicios, S.A. de C.V.   TECHNICAL WRITER   Misión del puesto:   Profesional senior con sólida experiencia en cumplimiento normativo, trazabilidad de cambios y gestión de procesos IT. Será responsable de asegurar la calidad de los entregables tecnológicos, la integridad de la infraestructura y el cumplimiento de estándares globales (VWFS, ITIL, CobiT, ISO/IEC 27001), trabajando en estrecha colaboración con equipos de desarrollo, infraestructura y seguridad.   Responsabilidades: Asegurar la calidad y cumplimiento normativo de los servicios IT conforme a estándares corporativos y regulatorios. Supervisar y documentar cambios en código, sistemas y componentes tecnológicos, garantizando trazabilidad completa. Implementar y controlar procesos IT alineados con ITIL y CobiT, asegurando la continuidad operativa. Realizar revisiones de código y análisis de seguridad para prevenir vulnerabilidades y código malicioso. Coordinar liberaciones de software y actualizaciones de infraestructura con enfoque en trazabilidad y control. Identificar y mitigar riesgos tecnológicos mediante planes de contingencia y colaboración con equipos de ciberseguridad. Capacitar continuamente al personal IT en buenas prácticas de seguridad, trazabilidad y cumplimiento. Promover la mejora continua de procesos IT alineados con los indicadores de seguridad del grupo (IT Security Resilience KPI)   Lenguajes y tecnologías clave: Lenguajes de programación: Java, JavaScript, Python, SQL Frameworks y entornos: Spring Boot, Node.js, React Control de versiones y trazabilidad: Git, GitLab, GitHub, Jira, Confluence CI/CD y automatización: Jenkins, Azure DevOps, Docker, Kubernetes Análisis de código y seguridad: SonarQube, Fortify, Checkmarx, OWASP ZAP Normativas y marcos de referencia: ITIL v4, CobiT 5, ISO/IEC 27001, OWASP, VWFS IT Standards   Perfil deseado: +5 años de experiencia en cumplimiento IT, gestión de cambios o DevSecOps. Conocimiento avanzado en desarrollo seguro, análisis de riesgos y normativas regulatorias. Habilidad para liderar procesos de mejora continua y coordinar equipos multifuncionales. Inglés intermedio-avanzado"
"Desarrollador Java Senior - Remoto en Ichi Service Group","$ 35,000 a 40,000 MXN (Neto)","Remoto: LATAM","Empleado de tiempo completo","Inglés : Nivel Básico","Experiencia sólida en desarrollo de front-end y back-end Dominio de Java 8, con habilidad para resolver problemas complejos. Conocimientos avanzados en Angular, JavaScript, JSPs y JPA para desarrollar interfaces de usuario eficientes y funcionales. Experiencia en el uso de Spring y Hibernate para el desarrollo de aplicaciones robustas y escalables. Conocimientos en JEE, Spring, Oracle, Postgres, Yii Framework, gdal, mantenimiento de servicios REST Y SOAP, Git. Experiencia minina de 4 años en Desarrollo Experiencia en arquitectura y/o microservicios Sueldo competitivo: $35,000 a $40,000 mensuales NETO, acorde a tu experiencia y habilidades Horario de Lunes a Viernes 100% Remoto La firma de contrato es el la CDMX. "
"JAVA L3 DISTRIBUTED SUPPORT Senior - Remoto en Global Delivery Center Capgemini","Sueldo oculto","Remoto: México","Empleado de tiempo completo","Inglés : Nivel Avanzado","We are seeking a highly skilled and experienced  Java L3 Distributed Support Engineer  to join our dynamic support team. This role is ideal for professionals with 3–9 years of hands-on experience in Java development and support, particularly those who have worked in L2+ environments and are ready to take on L3 responsibilities. As a key member of the support team, you will be responsible for diagnosing and resolving complex production issues across distributed systems, implementing code fixes, and ensuring system stability. You will work closely with development, infrastructure, and operations teams to maintain high availability and performance of mission-critical applications. Job requirements and Experience: Exp: 3-9 years hands on Development, L3 and/or L2+ who is ready to pick up L3 part.  Having Advanced Java/j2ee experience (Rest api, servlet, JavaScript/html, jsp, jdbc, struts, Hibernate, Spring)   Advanced level experience to work with multi server/Tier: Tomcat, Jbosss, WebSphere and Weblogic servers.  Advanced hands-on experience in Database (DB2, Oracle and Sybase.. etc)  Mid- to- Advanced Unix and scripting (shell/perl.. etc)  Good hands-on in understanding and making changes in shell/perl scripts  Having good experience in job scheduler monitoring tools (Autosys, procmon, crontab.. etc)  Advanced hands on experience IDE’s like Eclipse, NetBeans.  Mid – to Advanced experience on using Git, Jenkins and other repo/deployable  Having mid to advanced experience in Support model (L2+/L3)  Good exposure to production tooling (ticking/monitoring) like Jira, ServiceNow and processes (familiar with Incident/problem) and change mgnt  Good experience in making the code (Java, Unix, DB) changes in production and able to run end-to-end steps as per SDLC process. Preferred Skills Proficiency in Java or any object-oriented programming (OOP) language for effective debugging. Familiarity with incident, problem, and change management processes and tools (e.g., ServiceNow, Jira). Technical Responsibilities Conduct root cause analysis (RCA) for incidents impacting UNIX/Linux servers and SQL databases. Troubleshoot and resolve issues across UNIX/Linux platforms and SQL environments. Perform regular database health checks to maintain optimal performance. Monitor system performance with a focus on: Deadlocks Performance bottlenecks Space management Application Support Ensure the smooth operation of business-critical applications. Collaborate with development teams to resolve application-level issues and implement fixes. Vista general de empleo Fecha de publicación: Publicado hace 6 horas Fecha de vencimiento: 5 agosto, 2025 Ubicación: CIUDAD DE MÉXICO   (México) Nombre del cargo: JAVA L3 DISTRIBUTED SUPPORT Modalidad Virtual Postularme"
"API/EDI Developer Senior (Bilingual) - Remoto en SPS","Sueldo oculto","Remoto: LATAM","Empleado de tiempo completo","Inglés : Nivel Avanzado","We are looking for an API & EDI Developer to join our consulting team and contribute to building and maintaining modern, scalable integrations for supply chain and e-commerce operations. The role focuses on API and EDI development for high-volume order processing systems, working with a distributed team in a fast-paced environment. Location:  For this job opportunity, it's necessary to be located in CDMX or relocate to this city. Technical Requirements Strong experience in designing and building RESTful APIs Proficiency with JavaScript or Python for backend development Solid understanding of JSON and XML data structures  Experience with version control systems (e.g., Git) Knowledge of cloud-based integration workflows and tools  Familiarity with asynchronous message processing and queues N ice to Have (Not Mandatory) Previous experience with EDI formats (e.g., X12, EDIFACT) Experience working in supply chain, logistics, or e-commerce platforms Familiarity with ERP or OMS systems Hands-on experience with integration tools like Celigo, Boomi, MuleSoft, or similar Exposure to GraphQL Comfort working in a fully remote, agile development environment Responsibilities Build and maintain scalable APIs for order, inventory, and fulfillment workflows. Implement and support EDI integrations with trading partners and 3PLs. Design and deploy data mappings and transformations between systems. Collaborate with internal consultants and client-side teams to analyze technical requirements. Maintain documentation and reusable integration components. Monitor and troubleshoot integration flows in production environments. Participate in standups, sprint planning, and peer code reviews. What We Offer Full payroll scheme with all legal benefits Year-end bonus (Aguinaldo) Vacation days and vacation bonus Profit sharing (PTU) Social Security (IMSS) Parental leave (maternity, paternity, and adoption) Fonacot credit access Major and minor medical insurance Life insurance  Funeral assistance coverage Hybrid work model (on-site only when strictly necessary) Reduced work hours/days initiative Continuous training and upskilling opportunities Access to a certification program in high-demand IT technologies (Oracle, AWS, Google, MuleSoft, DataDog, and others).  Infonavit “Empresa 10 Plus” certified employer If you're interested, please apply and make sure your resume is up to date."
"Desarrollador Kotlin - Android en ISITA","Sueldo oculto","Remoto: LATAM","Empleado de tiempo completo","Inglés : Nivel Básico"," Descripción General Profesional especializado en el desarrollo y mantenimiento de aplicaciones móviles nativas para dispositivos Android, utilizando el lenguaje de programación Kotlin . Su objetivo principal es construir aplicaciones funcionales, eficientes, seguras y con una experiencia de usuario intuitiva, aplicando buenas prácticas de diseño y desarrollo móvil. Trabaja en conjunto con diseñadores, analistas, testers y otros desarrolladores para entregar productos de calidad que satisfagan las necesidades del usuario y los requerimientos del negocio. Responsabilidades Clave Interpretar y traducir wireframes , maquetas y storyboards en interfaces móviles funcionales. Implementar casos de uso de negocio en flujos de trabajo y pantallas móviles. Diseñar, desarrollar y mantener código limpio, eficiente y reutilizable en Kotlin . Garantizar el rendimiento, estabilidad y capacidad de respuesta de las aplicaciones Android. Detectar y corregir errores, cuellos de botella y problemas de rendimiento. Colaborar con equipos multidisciplinarios (UI/UX, QA, back-end) para garantizar la calidad del producto. Participar en code reviews , aplicar principios SOLID y buenas prácticas de arquitectura. Automatizar procesos del ciclo de vida de desarrollo mediante herramientas de CI/CD . Publicar y gestionar versiones de la app en Google Play Store y otros entornos. H abilidades Técnicas Dominio de Kotlin y el entorno de desarrollo Android Studio . Conocimiento profundo del Android SDK y sus actualizaciones. Uso de arquitecturas modernas como MVVM y Clean Architecture . Integración de servicios y APIs RESTful utilizando Retrofit , OkHttp u otras herramientas. Uso de librerías Jetpack: ViewModel , LiveData , Room , DataBinding , Navigation , entre otras. Experiencia en persistencia de datos locales con SQLite , Room o bases NoSQL (Firebase). Manejo de notificaciones push con Firebase Cloud Messaging (FCM). Experiencia en pruebas unitarias y de interfaz con JUnit , Espresso , Mockito o similares. Conocimiento y uso de formatos de datos JSON y XML . Control de versiones con Git , uso de ramas, pull requests y flujos colaborativos. Publicación de aplicaciones en la Play Store , firma de APK/AAB, manejo de versiones. Conocimientos básicos en CI/CD para móviles (GitHub Actions, Bitrise, Jenkins, etc.). Familiaridad con principios de diseño responsivo y accesibilidad . Competencias Blandas Pensamiento lógico y enfoque analítico para resolver problemas. Atención al detalle y compromiso con la calidad del código. Comunicación efectiva con miembros técnicos y no técnicos. Colaboración en equipo , capacidad de recibir y dar retroalimentación técnica. Adaptabilidad ante nuevas tecnologías, librerías o requerimientos. Organización y constancia para mantener orden en el proyecto y documentación. Proactividad para proponer mejoras en rendimiento, usabilidad o arquitectura. Aprendizaje continuo como parte de su desarrollo profesional. Conocimientos Adicionales Deseables UML y modelado de sistemas. Lenguajes de bases de datos como SQL y NoSQL . Conocimiento de técnicas de calidad de software (testing, refactorización, validación). Familiaridad con metodologías ágiles como Scrum o Kanban . Experiencia en integración con herramientas externas (Google Maps, cámara, sensores). Conocimientos básicos en desarrollo multiplataforma (Flutter, React Native) son valorados, aunque no obligatorios. Nivel de ingles: Basico."
"Mobile Engineer - iOS/Android en Alcor","$ 5,000 a 5,499 USD (Bruto)","Remoto: LATAM","Empleado de tiempo completo","Inglés : Nivel Avanzado","About the job Mobile Engineer - iOS/Android We are seeking a skilled  Mobile Developer  to join our innovative engineering team. As a Mobile Developer, you will be responsible for developing high-quality iOS and Android applications, contributing to our mobile architecture modernization, and collaborating with cross-functional teams to deliver exceptional user experiences. You will work with external data sources and APIs, focus on bug fixing and application performance improvements, and demonstrate the ability to solve complex problems while maintaining high coding quality standards. Location - Mexico City QUALIFICATIONS Education: Bachelors degree in Computer Science, or related field. Work Experience: Minimum of 5+ years of experience with mobile development (iOS and/or Android) Minimum of 3+ years of experience with Swift and/or Kotlin Experience with reactive programming frameworks (RxSwift, RxKotlin, or similar) Proven track record of shipping mobile applications to app stores Experience working in agile development environments TECHNICAL COMPETENCIES iOS/Android Development: Proficiency in Swift for iOS development and Kotlin for Android development Experience with iOS frameworks (UI Kit, Core Data, etc.) and Android frameworks (Jetpack, Room, etc.) Understanding of mobile app lifecycle, memory management, and platform-specific optimization techniques Architecture Patterns: Experience with MVVM, MVP, or similar architectural patterns Understanding of dependency injection and modular architecture Familiarity with reactive programming concepts (experience with RxSwift/RxKotlin is beneficial for legacy code maintenance) API Integration: Proficiency in working with REST APIs and JSON parsing Experience with network libraries (Alamofire for iOS, Retrofit for Android) Understanding of authentication methods and secure API communication Testing: Experience writing unit tests and UI tests Familiarity with testing frameworks (XCTest for iOS, JUnit/Espresso for Android) Understanding of test-driven development principles App Store Experience: Experience with Apple App Store and Google Play Store submission processes Understanding of app store guidelines and review processes Knowledge of app store optimization (ASO) best practices Firebase Experience: Proficiency with Firebase services including Analytics, Authentication, Cloud Messaging (FCM), and Remote Config Experience with Firebase Crashlytics for crash reporting and error tracking Knowledge of Firebase Cloud Firestore or Realtime Database Development Tools: Proficiency with Xcode and Android Studio Experience with version control systems (Git) Familiarity with CI/CD pipelines and automated testing Cross-Platform (Plus): Flutter experience is a plus Understanding of cross-platform development considerations OTHER REQUIREMENTS Excellent troubleshooting and communication skills. Strong attention to detail. Experience maintaining Jira tickets according to the Agile process. Contribution to creating a great UX design. Ability to work effectively in a distributed team environment across multiple time zones "
"Desarrollador Swift-iOS en ISITA","Sueldo oculto","Remoto: LATAM","Empleado de tiempo completo","Inglés : Nivel Básico","    Descripción General ·          Profesional especializado en el desarrollo y mantenimiento de aplicaciones móviles nativas para dispositivos Apple, como iPhone y iPad, utilizando el lenguaje de programación Swift . Su objetivo principal es crear experiencias móviles elegantes, rápidas y seguras, cumpliendo con las guías de diseño de Apple y asegurando una excelente experiencia de usuario. ·          Trabaja en colaboración con diseñadores, desarrolladores backend, QA y otros equipos técnicos para entregar aplicaciones funcionales, estables y optimizadas para el ecosistema iOS. Responsabilidades Clave ·          Interpretar diseños UI/UX, maquetas y flujos de usuario en aplicaciones iOS funcionales. ·          Desarrollar, probar y mantener código limpio y estructurado en Swift . ·          Utilizar correctamente el SDK de iOS , componentes nativos y patrones de diseño modernos. ·          Integrar servicios RESTful y manejo de datos locales o en la nube. ·          Asegurar el rendimiento, estabilidad y capacidad de respuesta de las aplicaciones en múltiples dispositivos y versiones de iOS. ·          Detectar y corregir errores, cuellos de botella y posibles vulnerabilidades. ·          Publicar versiones de la app en App Store , cumpliendo con las políticas de Apple. ·          Participar en code reviews , aplicar buenas prácticas de desarrollo y arquitectura móvil. ·          Automatizar flujos de integración y despliegue mediante herramientas de CI/CD.    Habilidades Técnicas ·          Dominio del lenguaje Swift (y opcionalmente Objective-C). ·          Manejo del entorno de desarrollo Xcode . ·          Conocimiento profundo del iOS SDK , sus frameworks nativos y APIs. ·          Familiaridad con arquitecturas modernas como MVVM , VIPER o Clean Architecture . ·          Uso de frameworks como UIKit , SwiftUI , CoreData , Combine , AVFoundation , MapKit , etc. ·          Integración con servicios web usando URLSession , Alamofire , entre otros. ·          Persistencia de datos locales con UserDefaults , CoreData o Realm . ·          Experiencia en pruebas unitarias y de interfaz con XCTest , XCUITest , etc. ·          Conocimiento de formatos de datos como JSON y Plist . ·          Uso de control de versiones con Git y flujos colaborativos (GitHub, GitLab, Bitbucket). ·          Despliegue y gestión de apps en TestFlight y App Store Connect . ·          Conocimientos básicos en CI/CD (Fastlane, GitHub Actions, Bitrise, etc.). ·          Cumplimiento de las Human Interface Guidelines (HIG) de Apple.      Competencias Blandas ·          Pensamiento lógico y estructurado para resolver problemas complejos. ·          Atención al detalle en código, diseño e interacción de usuario. ·          Comunicación efectiva y capacidad de trabajo en equipo multidisciplinario. ·          Autonomía y responsabilidad para asumir tareas completas. ·          Adaptación al cambio , especialmente ante actualizaciones de iOS y nuevas librerías. ·          Enfoque en la experiencia de usuario , diseño intuitivo y rendimiento. ·          Capacidad de aprendizaje continuo y autoformación técnica.   Conocimientos Adicionales Deseables ·          Uso de herramientas como Firebase , Crashlytics , Push Notifications , In-App Purchases , etc. ·          Conocimientos en ARKit , CoreML y otras tecnologías Apple. ·          Familiaridad con Swift Package Manager y manejo de dependencias (CocoaPods, Carthage). ·          Conocimientos en UML , bases de datos SQL o NoSQL . ·          Experiencia en metodologías ágiles ( Scrum , Kanban ). ·          Conocimientos básicos de desarrollo cruzado con SwiftUI multiplataforma . ·           Nivel de inglés: Básico. "
"Lead Platform Engineer (.Net / Azure) Senior - Remoto en Altai","$ 5,000 a 10,000 MXN (Bruto)","Remoto: LATAM","Empleado de tiempo completo","Inglés : Nivel Avanzado","Job Description Job Title: Lead Platform Engineer (.Net / Azure) Location: Mexico Reports to: Chief Technology Officer Contact: Chief of Staff ( ) ___________________________________________________________________________________ Overview Altai ( https://www.altaicasting.com/ ) is an exciting, venture-capital funded, scale-up business in the Entertainment Sector. Our platform provides a fully integrated solution for those in the business of casting roles in film, TV, theatre, advertising and other forms of production. We launched in Australia / New Zealand in December 2022, and in Mexico in October 2024. In the next 12 months we will consolidate our position in our existing markets and continue our global roll out. We currently have a full time team of 11 people across Australia, Mexico and Sri Lanka, plus a number of fractional domain experts. About the candidate We’re looking for an experienced software engineer to, primarily, help us transform our infrastructure in preparation for global expansion. Once this is in good shape, activity will shift towards feature development while continuing to take ongoing ownership for the health of the platform. The successful candidate will be our second hire in Mexico, and will help us grow an expansive and growing platform. We’re looking for someone with the technical acumen and entrepreneurial spirit to help us positively disrupt the industry that we love. Cultural fit is all important. You’ll be engaging with the founding team on a daily basis, providing technical advice and guidance during planning activities and then regularly deploying new features. Our values include having a deep respect for diverse points of view, with clear communication driving high performance under pressure.  Key responsibilities Infrastructure Modernisation: Lead the transformation of our current infrastructure to a Terraform-managed, secure-by-design architecture optimised for cost, performance, and scalability Security Architecture: Design and implement enterprise-grade security controls including network segmentation, WAF deployment, and compliance frameworks Global Scaling Strategy: Architect multi-region infrastructure solutions that support international expansion while maintaining performance and compliance Deployment Excellence: Enhance our release processes to enable frequent, reliable deployments with zero downtime and easy rollbacks Software development : Once the underlying infrastructure is ready for our growth, focus will shift towards feature development Strategic Advisory: Provide ongoing technical leadership and architectural guidance to support business growth and scaling decisions Infrastructure Operations: Maintain system reliability, performance monitoring, and cost optimisation across all environments Qualifications - Mandatory .Net Expertise : We’re looking for someone with 8+ years .Net software development experience, including 1-2 in a Lead Role. Azure Expertise: 4+ years experience architecting and managing Azure cloud infrastructure at scale, including Infrastructure as Code tools like Terraform Cloudflare Experience: Hands-on experience with Cloudflare for DNS, security, CDN, and global load balancing Security Architecture: Proven experience designing secure, compliant cloud architectures with proper network segmentation CI/CD Pipeline Design: Experience building robust deployment pipelines supporting blue/green deployments and automated rollbacks Multi-Region Architecture: Experience planning and implementing multi-region cloud deployments Startup Environment: Understanding of resource constraints and ability to balance speed vs. security in scale-up environments Multi-lingual : Candidates must be based in Mexico, and speak excellent English and Spanish Qualifications - highly desired Experience using the third party technologies outlined below Experience with Next JS and X-State Experience using distributed caching solutions such as Redis SQL/MySQL Server management experience   Our platform Our back end platform is built in .Net 6/C# hosted on Azure, with a CI/CD Pipeline deploying code stored in Git hosted by Azure DevOps to staging and production environments. The front end web application is built using Next JS/React utilising MUI/MaterialUI components, leveraging an X-State State Machine for the data layer in the front end, which handles all of the service calls. To date we have enjoyed 100% uptime since launch. Our platform integrates with the following third party services: Firebase (for authentication, but we’re exploring moving to another third party for this) Stripe (for payments) Vimeo (for video hosting, but again we’re assessing a change) Getstream (for notifications) Twilio Sendgrid (for email) Amazon Rekognition (for image moderation) Zendesk (for customer service) The successful candidates will have expertise in the following technologies: High level of expertise in .Net/C# with multiple enterprise solutions in market, with a focus on performance (e.g. rapid server response time) Domain driven design Microservices architecture API development and orchestration Architectural principles such as Containerisation Cloud expertise in Azure, including deployment and management of various Azure resources such as App Services, Functions, Blob/Queue Storage and Virtual Databases Experience with React"